sentence,label
rasanya enak cuma kurang suka pedas cuma kebersihan perlu di perbaiki,neutral
sangat recomended bagi mahasiswa apalagi mahasiswa poltek karena harganya yang terjangkau juga tempatnya yang sangat nyaman untuk mengerjakan tugas atau nongki cantik,positive
rame banget jadi antri sekalian dikasih kertas buat menulis pesanan pelayanan disini agak beda sama gacoan lain yang disini semi diri layanan jadi ada stasiun per jenis menunya harga mungkin hanya selisih rbkeyboard key name dengan cabang umum lainnya ada daerah indoor ac tempat duduk kurang banyak dan fasilitas biasa saja rasa makanan standar gacoan lain untuk sekarang ini gacoan yang paling anak ramah sih,positive
gila kotor banget tempatnya sumpah sampai enggak nafsu makan murah sih murah cuma banyak bekas makanan yang enggak dibersih ini,positive
resto tergoblok mie hompimpa tingkat harga rb begini ceritanya baru saja aku makan sendiri karena lapar lagi ingin makan mie masih suasana lebaran tidak ada yang buka akhirnya makan di gacoan ini sudah pesan makan minum dan udang keju menunggu lama datang mie saja minum dan udang keju belum datang karena lapar aku makan mie dulu lalu alarm pesanan bunyi berkali kali dan nama aku diteriakin padahal aku sedang makan selesai makan aku jelaskan ke karyawan dan aku tinggal minum serta udang kejunya karyawan hanya diam sistem kacau dan aku merasa rugi dan kecewa,negative
ayamnya kecil harganya masih mahal kalo menurut saya tapi pelayanannya memuaskan,negative
menu makan dan minumannya bernilai itu dan pelayanannya ramah,positive
terlalu lama,neutral
tempat nya sangat nyaman pelayanannya juga sangat bagus,neutral
pertama waktu coba yang lagi virus alhamdulillah untuk pegawainya ramah dan helpfull untuk harganya standart gacoan tapi lebih mahal dikit dibanding gacoan biasanya disini tuh enaknya diri layanan jadi enggak menunggu lama enggak usah khawatir kehabisan tempat karena kursi dan mejanya banyak di lantai nanti ada yang ngarahin kita duduk mas yang ngebersihin juga supergercep kalo soal kebersihan jangan diragukan kalo untuk rasa kembali ke selera masing menurutku enak saja aku pesan lvl sudah kerasa pedesnya minumannya enggak terlalu manis dimsumnya anget,negative
enak harga pas,positive
pelayanannya cepat tempat tunggu yang cukup nyaman pelayan yang ranah dan murah senyum,neutral
oleh yang cara saya langganan ayam geprek kak ros makanannya enak bisa refil nasi tapi harga di menu sama pembayarannya kenapa beda kenapa di lebihkan k,negative
pelayanan ramah baik harga sangat terjangkau tapi maaf nasinya katos tempenya katos katos banyak keras kayak enggak sesuai dengan ratingnya apakah memang tempong itu nasinya harus keras saya enggak tau sambel atas ayam enak telur soso,positive
nyaman cocok buat tempat kantor dari kafe,neutral
april makanan enak gurih dan ayamnya tidak kecil pelayanan penuh senyum ramah dan sigap membantu tempat cukup bersih ada toilet dan wastafel cuci tangan harga untuk harga termasuk relatif murah mengingat nasi dan es th bisa isi ulang sepuasnya dan rasa makanannya yang tergolong enak keseluruhan tempat ini rekomend banget untuk jadi tujuan makan enak dan murah,positive
mantap menunya,neutral
pelayanan nya kurang baik pelayan nya malas an pesanannya lama enggak kayak di suhat cepat tempatnya kurang bersih tutupen saja warung e pecat karyawan e,neutral
salah satu cabang mie gacoan yang terbaru ada diseberang spbu danau toba sawojajar tempatnya bersih rapi dan pelayanannya cepat dan ramah untuk pemesanan makan ini bisa ambil nomor meja dulu dan pindai barcode untuk pemesanannya untuk bungkus ada layanan khusus tinggal pesan dilayarnya pembayaran keduanya bisa di kasir untuk makanan dan minuman disini sama dengan cabang yang lain harga murah dan rasanya selalu enak,positive
ayam tidak renyah dan porsi lebih kecil daripada dulu padahal harganya naik selain itu nasinya dingin jadi enggak berselera makan,negative
ayamnya murah enak,positive
nasinya benyek kayak bubur tapi sudah dikasih ke konsumen sayang sekali sudah beberapa kali makan di kopi studio baru kali ini mencoba di sarangan kurang memuaskan mana sudah laper,negative
mana si gacoan yang enggak jadi magnet buat orang orang f b dasar menunya ada di mie dan dimsum mie ada yang setelan enggak pedas gacoan pedas manis dan hompimpa pedas gurih mie gacoan lv ini kepedesannya jauh di atas lv punya kob r set dan dan si coba deh bikin tingkat kepedasan berbasis nyala jumlah cabe buat rasa sebenarnya jauh lebih gurih manis dan kananbalance dari mie pedas lain pangsit goreng dapat tekstur terlalu mesty dan kurang chewy rasa juga kurang nampol udang keju di sini yang paling memuaskan teksturnya lembab walaupun dominan rasa gurih ayamnya saja enggak ada potongan ataupun petunjuk udang kejunya belum meleleh tapi masih enggak apa apa udang rambutan yang enggak ada potongan ataupun petunjuk udang sama sekali bahkan rasanya agak kurang mesty terlalu kopong layanan ramah banget pelayanannya ada beberapa petugas peserta pelatihan yang masih sangat bingung tapi trainernya pantau terus dan kasih contoh enggak antre waktu penyajian menit dari urutan pembayaran cashless tunai fasilitas daerah indoor semua tapi sangat terbuka antrean buat makan ini dan shopee dibedakan bahkan bisa pesan dan bayar di meja buat makan ini enggak ada jaringan di meja tapi pada paling tidak jangan ditaruh di atas tong sampah tinggi kebersihan nya bagaimana harga sangat terjangkau dan bernilai tapi beli disarankan buat pesan paket pertempuran yang lebih ekonomis tampilkan harga doesn t termasuk pajak,positive
tempat nya bersih rapi higenis juga pelayanannya juga ramah,neutral
cicipi tetap terjaga isi pangsit agak kecil isi sepertinya dikurangi untuk mempertahankan harga tetap tidak terlalu antri lama,neutral
layanan cepat murah parkir cukup bersih lokasi nyaman terkenal,positive
anda bisa permintaan yang pedas tingkat tempatnya enak naik motor,neutral
pelayanan nya cepat dan kasir nya satset,neutral
lokasinya di kota dan di depan toko apel simpan yang enak disini sambalnya joss nasi tempong khas banyuwangi cocok buat yang lagi lafarr parkiran hanya ada di tepian jalan,neutral
enak buat nugas biasanya kalo ada tugas numpuk uts uas ngerjainnya di sini apalagi di ruang rapat bisa buat fokus makanan minuman murah banget,positive
pelayanan lama minta lebih menunggu,neutral
ayam gede dan sambal nikmat dengan harga yang sangat cocok untuk mahasiswa,positive
salah satu nasi tempong yang ramai di daerah banyuwangi kota sepanjang makan di sini enggak berhenti orang orang yang pesan bungkus satu orang bisa bungkus lebih dari porsi lauknya banyak pilihan tadi pesan porsi nasi dengan lauk ayam goreng tambahan ati ampela dan telur dadar sama minum dengan total ribu enak murah kenyang,positive
pelayanan kasir buruk kesana pesan makan enggak beli minum kayak dikira enggak mampu beli masih ambil nasi saja di memperlihatkan takut ngambil banyak woyy lah kalo enggak mau diambil banyak ya mengambil sendiri bikin makan jadi enggak nyaman,negative
favoritku kalau ke kopi studio tuh kopi susu ada krim nya andalan banget setiap kesana selalu beli itu tempatnya juga seenak itu bisa santai buat sendirian atau bareng teman dan yang terpenting harganya murah banget cocok untuk pelajar dan mahasiswa,positive
makanannya enak banget terjangkau untuk anak kos topp,positive
tempatnya oke dan bersih karyawannya juga lumayan sigap ketika ada piring yang sudah selesai makanannya enak hanga saja harganya bisa dibilang mahal awalnya menu normal mereka seperti ayam geprek dan kota dan satu menu lagi dengan harga sama saya lupa namanya punya harga atau jika tidak salah sekarang naik menjadi parahal mottonya sendiri merupakan pujaan anak kos iya jika anak kos yang punya uang lebih tapi untuk mereka yang kurang rupiah bisa saja merubah kondisi mereka saya sudah coba semua sambal dan yang paling enak korek tidak pedas sisanya kurang berasa enak dan sedapnya sambal yang lain seperti bawang dan tomat hampir tidak terasa rasa bawang dan tomatnya dua duanya pun hampir sama pedasnya poin tambah lainnya ada pada pelayanannya yang rapi dan sopan,negative
sampai lupa foto makananya datang kesini pas hari kerja jadi enggak terlalu rame makannya enak apalagi sambelnya pedas banget rekomen buat pecinta sego sambel aliran pedashh,neutral
lebih dari menit dapat makan gratis ojol antri sampai menit tak lihat mereka makan stiker dilepas saja kayak depe r saja suka bohongi publik,positive
enak murah petugas ramah banyak cabangnya tapi sabun cuci tangan sering habis mulai tanggal juli harga naik rbkeyboard key name,negative
lauk yang disajikan beragam seperti ikan goreng lele belut ayam wader cumi hitam dll sambelnya enak pedas dan segar selalu ingin balik makan di sini lagi,neutral
waktu proses pesanan di kasir ada satu menu yang salah jumlah harusnya dikasih tidak bisa diubah karena katanya sudah masuk ke dapur padahal belum kesepakatan pembayaran akhirnya orderan over dan harus ambil jauh kena biaya lagi tolong lain kali ada opsi ubah revisi orderan ya apalagi ini bukan salah di customernya tapi di kasirnya yang salah dengar,negative
ayamnya kecil banget,neutral
tempatnya nyaman dan dengan harga yang terjangkau bisa dapat makanan yang enak loh p,positive
kok beda ya sama yang dicabang suhat harga es tehnya dan perbedaannya sangat jauh untuk seharga th manis,negative
tolong di baca buat apa tulisan se gede ini katanya bebas refil th tapi sini mau ambil kok di suruh bayar terus mengapai ada tulisan se gede itu kalo di suruh bayar,negative
suasana nyaman hanya saja masih ada sampah berserakan,neutral
makanannya enak bisa lesehan bisa di kursi tapi proses pembayarannya kayanya agak aneh ya dan kalo dibandingkan dengan tempong lain ini lebih mahal tapi untuk rasa oke,negative
lama banget ajgg kopishop banyak cabang enggak mampu beli mesin kopi,negative
harganya naik tapi porsinya mengecil banyak kompetitor yang harganya di bawah tapi porsi lebih puas tolong dihapuskan tulisan gratis es th refillnya kasir tidak informatif sedari awal kalau ternyata sekarang sudah berbayar es tehnya,negative
sebagai biasa gacoan adalah yang terbaik pelayanan cepat staf ramah dan responsif terhadap permintaan pelanggan enggak heran sih kalo growthnya naik terus,neutral
tempatnya nyaman banget buat nugas karena tersedia banyak colokan makanan sama minumannya juga enak banyak promo beli mendapatkan nya untuk parkirannya juga luas banget dan tersedia musholla yang bersih disini juga ada daerah indoor dan outdoor yang luas rekomenn banget,positive
kapok beli disini setiap kali pesan lewat gojek atau langsung ke restonya selalu lama apalagi karyawannya enggak ada kata kata terima kasih kepada pelanggan mending ke lain saja banyak kok yang lebih enak murah dan cepat,negative
tempat nugas favorit aku murah bersih dan banyak banget tempat duduknya tengah malam kesini gara gara batas waktu juga oke enggak sepi banget tapi juga enggak rame selalu jadi pilihanku kalo mau nugas diluar dengan harga terjangkau banget karyawannya juga sudah terbiasa cekatan favoritku kentang gorengnya sih murah dan dapat lumayan banyak dibanding kafe lain bernilai banget,positive
lamaa sekali harganya lebih mahal dari taksi lain biasanya dicab sawojajar bisa smpk mending ke lalapan saja kalo segitu makan nasi geprek saja smpk dengan menu yang aku beli sama kayak di taksi lain kata awak nya karena sambelnya padahal sambelnya sambel pedas biasa karena bawangnya habis bebas refil nasi tapi beras cookernya kosong kalo mau ambil nasi di dapurnya suruh ambil sendiri sambil di sewotin yang ngasir ampun deh,negative
porsi semakin sedikit sekarang ada ppn nya masih belum biaya parkir juga,negative
bakso berasa dagingnya harga terjangkau,positive
terlalu im menunggu diresto pihak pelayan kurang cepat kalau menanggani coustemer,neutral
makanan enak,neutral
makananmya murah dan banyak mahasiswa mengerjakan tugas disini banyam juga orang wfc disini suasananya ramai tapi tenang karena mayoritas orang buka laptop,positive
buat masukan saja ya buat mie gacoan sawojajar saya orang sawojajar sini juga sudah sering beli untuk mbak yang jaga kita ini beli banyak loh masak meminta saos saja enggak dikasih kalau memang berbayar mengomong saja berapa saya bayar atasane saos saja loh mbak dioutlet lain gacoan enggak kayak begitu pelayanan sangat dirihatinkan untuk mbak mbak nya meminta tisu juga bilang nya habis masak outlet besar enggak ada tisu dioutllet lainnya yang lebih besar saja pelayanan ramah bersih tolong pihak gacoannya ya dibilangin tuh mbak nya kalau memang saosnya berbayar mengomong saja enggak apa apa berbayar,negative
geprek kota naik jadi mengira kenpa eh tahu jadi jamur padahal enggak semua orang suka jamur bukan pujaan anak kos lagi mah ini,negative
menunya banyak bervariasi dan cocok untuk pelajaran tempatnya nyaman untuk nugas tetapi dari segi kebersihan lebih diperhatikan lagi,neutral
sejauh ini ini waralaba paling buruk yang pernah aku temuin gilaak gilaak harga sama pelayanan enggak sepadan masih kena parkir pembohong baru sekali kesini tapi langsung kapok,negative
rasanya minuman dan makanannya enak harga nya masih bisa dikatakan murah ya terus buka nya juga jam pelayanan nya lumayan cepat sih,positive
murah enak pelayanan ramah pertahankan,positive
nasi tempong nya enak recomended buat yang suka makanan pedas banyak pilihan lauk harga termasuk murah kalau mampir ke banyuwangi harus mencoba makan disini,positive
tempatnya luas dan nyaman cocok buat makan bareng sama keluarga pelayanannya juga ramah dan yang terpenting tempatnya lumayan bersih,neutral
saya pesennya di makan situ tapi malah di ambil jauh payah sih kasirnya,neutral
kakak nya ramah banget tempatnya enakk,neutral
tempat nugas paling nyaman nih ya di kopi studio selain minuman dan makanannya yang enak dan pastinya ramah kantong tempatnya juga tenang,positive
nasi tempongnya murah cuma sambelnya asin banget tapi juga pedas enggak tau kenapa sambelnya kayak begitu sambelnya melimpah banget sih udangnya juga enak telur juga oke es th jumbo dan murah tapi nasinya enggak habis karena sambelnya asin banget tapi pedas nasi tempong isinya nasi sayur ikan asin tahu tempe dan sambel nasi tempong k porsi udang goreng tepung k porsi telur k porsi es th k porsi makan sesuai foto hanya keluar k murah sih segitu banyaknya enak tapi sedikit kecewa sambelnya mungkin kalo balik bwi enggak bakal kesini lagi pernah iseng makan sambelan tempong acak di pinggir jalan banyuwangi sambelnya enggak asin kok dan enak sebenarnya,positive
pelayanannya ramah ramah pesannya cepat jadi,neutral
pelayanan resto sangat cepat,neutral
sip bagus enak sangat recomended,neutral
aku kesana masih pagi jadi enggak antri ya dan harus diri layanan untuk es krim lumayan enak tapi mienya agak kurang rasanya sama yang di outlet lainnya yang bikin enak ya udang kejunyaa,neutral
pelayanan lama banget kualitas mie menurun entah karena banyaknya pesanan atau bagaimana soalnya banyak yang kurang matang saran sediakan karcis parkir,neutral
untuk makanannya cukup enak saya sangat menikmati hidangan nya,neutral
apa cuma aku ya yang merasa pas ambil sama dihitung kasir harganya jadi beda kayak dimahalin pernah aku ambil pentol besar ternyata pas aku lihat struknya dihitung tolong jujur ya,negative
rasa nya paling enak se banyuwangi tak tertandingi mesti mampir kalau lagi tugas ke banyuwangi sukses terus bu har dan sekarang ada sambal nya untuk oleh untuk botol kecil dan botol lebih besar,positive
rasanya enak sambalnya mantab harganya terjangkau sambal koreknya juara,positive
harga murah dan porsinya pas sambel bawangnya pedeessh mantap,positive
datang di sekitar jam sakit masih lumayan banyak yang lagi makan untuk rasa sebenarnya biasa saja sih sambal nya lumayan pedas dan kemarin kalau kurang boleh bertambah cuma sayang enggak dikasih bill nya karena makan bertiga lauk ayam goreng dan tambahan kikil cumi habis ribu jujur agak mahal tapi kurang tau rinciannya,negative
rasanya enak sih,neutral
pelayanna kurang sip sih kalo kata aku kasir juga kurang etis orang lagi makan malah diitung itung itu total habisnya enggak ada nota sekalipun ketika bayar harga juga lumayan mahal,negative
karena efek hari terakhir puasa minuman baru dipanggil nama menit lebih setelah urutan padahal sudah ada alarm yang diberikan ketika baru masuk dan itu tidak berfungsi,neutral
pelayanan enggak jelas kebanyakan mengobrol alhasil pesenan baru jadi menit wkwkwk antrian di salip terus kocak banget wkwkwkwk sehat sehat deh kocak,neutral
lama sekali pelayanannya hari ini semua kosong pesan telur dan ayam saja proses hampir sejam,neutral
apaan banget mas mas pakai baju putih gndt orang tanya jadi kapan malah di suruh buat sendiri lek seng tuku oleh melbu enggak kesuen mas hahaha timbang ngenteni setengah jam,negative
mahal seporsi nasi ayam terong sambal tanpa tambahan lain saya sekeluarga pesan jumlah banyak harga per porsi tetap mahal walaupun menu tidak lengkap hanya dikurangi sedikit minum juga dikenakan biaya menurut info orang sekitar dan tukang parkir sudah banyak pelanggan komplain ke kasir saya meminta nota terperinci tapi kasir tidak bisa memberikan alasan porsi berbeda padahal pesanan kami sama semua supaya tidak rumit semoga pemilik warung sukses,negative
mantap daging pol rasanya,neutral
mantap tempatnya nyaman pelayanannya cepat mie sama dimsum nya enakk,neutral
baik suasana nyaman,neutral
pelayanan kurang kita makan di suruh cepat cepat karena katanya warung mau tutup padahal masih jam malam di peta padahal jam malam tutup nya,neutral
cler naik nya cepat,negative
selalu suka murah meriah pas dikantong mahasiswa,positive
baksonya mantap harga terjangkau,positive
makanannya selalu hangat dan enak,neutral
duduklah set banget karena diri layanan masaknya enggak lama jadi setelah bayar langsung ambil makanan dan makanannya sudah siap tinggal angkut kamar mandi bersih crewnya juga satset aku betah disini lama lama ada mengisi stationnya juga sip pokoknya mah,negative
tempat nyaman pelayanan cepat dan ramah enggak sia ke gacoan cabang suhat,negative
cozyy parah menyenangkan tugas disini sambil ngopi crewnya ramah banget,neutral
makan malam kondisi kondusif pelayanan ramah hrg agak diatas rata rata relatif sesuai pilihan menu,negative
makanannya semua enak memang agak mahal tapi masih bernilai itu rasanya kaum mendang mending enggak usah makan disini kalo nanti akhirnya malah komen katanya harganya kemahalan,negative
pelayanan ramah sekali geprek sambal bawangnya besseler banget bikin nagih,negative
semuanya enak mulai dari minuman sampai makanannya,neutral
mahal k hanya dapat ayam doang sudah begitu sambalnya mahal tapi rasanya b saja pelayanannya enggak bagus hanya ada orang yang jaga sudah begitu tinggal mulu dibelakang dipanggil enggak dengar parah,negative
enggak bernilai itu banget niat hati beli ayam sayap karena sudah pernah mencoba bumbunya banyak ngenyangin ternyata habis ganti korea pedas sudah ayam dikit enggak ada bumbu samsek sumpah menyesal dapat jek harga k hati hati guys,negative
sering kalo beli disini tapi baru ini merasa kecewa dengan harga rbkeyboard key name tapi porsi kayak mengasih makan ayam,negative
resto tujuh chiken ada di dalam kopi studio sebelah tangga,neutral
ini adalah salah satu nasi tempong favorit saya di banyuwangi menurut saya pribadi ini yang juara hehehehe menu lauk yang cukup variatif mulai dari ikan laut ayam lele dan telur dadar telur dadarnya tiada lawan gaess enak gurih nikmat dan nagihin dan yang bikin ingin kembalj dan nagihin adalah sambel tempongnya yang pedas segar asin manis dan gurihnya tiada lawann nikmat enak maknyus murah puas dan kenyang pokok wes,positive
kecewa banget sama nasi bakso bbq panas menurut saya harga dan isinya enggak bernilai itu buangett sudah bakso nya kuecil kecil saos bbq nya duikit parah banget deh kedepannya tolong diperbaiki dong kalo memang bakso nya dikit senggaknya saos nya kasih banyak biar kita pelanggan agak puas,negative
tempat recomennded mudah di cari langganan banget cocok di makan saat suasana dingin rasa,neutral
slogan nya sayur kuah koyor sepuasnya sampai tempat dihadang sama mas e diambilin kuahnya saja enggak ada koyornya yang disuhat saja bisa ambil sendiri pelayanan kasir juga lebih cepat disini lama enggak lagi kesini meskipun dekat rumah tidak bernilai itu pada semua,negative
pesan ambil makanan disini menunggu jam mengira menunggu lama bakal enak banget jauh dari ekspektasi enggak ada bernilai itu nya,negative
gepreknya enak buka jam juga mungkin sedikit masukan terkadang gelasnya kurang bersih atau bagaimana jadi minumannya agak terasa aneh keseluruhan baik kok silakan mencoba,neutral
enak banget terbaik kacau,neutral
makanan nya enak harga terjangkau disarankan apalagi bisa bebas isi ulang nasi es th mantab sekali,positive
agak kecewa harganya naik drastis sudah enggak idaman anak kost lagi,negative
pesan makanan jam pertama wajar kita nggu tapi lama kelama an kok enggak datang sampai orang yang pesan sebelum kita makannya sudah slesai akhirnya komplain baru jam siang makanan datang sampai minuman habis tapi sebagai ganti komplain kita dikasih pangsit seporsi dan untuk pelayanan kasir saat itu memang hanya ada kasir yang bertugas sedangkan antrian kasir reguler lumayan panjang ke blkg tetiba ada ibu ibu datang dari samping utama nylonong saja dan dilayani oleh petugas kasirnya alangkah baiknya bisa dilihat dulu kali ya urutannya atau difungsikan lagi pembatas antrinya jika memang dirasa kewalahan supaya enggak ada lagi yang nylonong dari samping dan kejadian seperti itu tidak terulang kembali semoga dengan adanya kritik dan saran ini bisa meningkatkan layanan dengan lebih baik lagi,neutral
enak harga terjangkau sangat rekomendasi,positive
dan aku berumur tahun,neutral
harganya melonjak banget yang awalnya saya ke situ geprek renyah k terus habis lebaran naik jadi k masih oke lah tiba saja naik sampai untuk pakai nasi saya sudah nyiapin uang k buat beli malah jadi syok mana kasirnya salah dengar saya bilang enggak pedas malah ada kasih pedas,negative
beli kopi ekonomis beli pilih minuman lain bebas enggak sampai rbkeyboard key name rasanya pun creamy,positive
mengutamakan untung ketimbang pelayanan habis makan yang ada sakit perut porsi orang serakah sudah piring plastik mahal lagi cukup sekali az kuliner di sini tertipu peta,negative
mantap rek ngopi ng kene,neutral
enakk banget ayam sambel matahnya woii kayak ayam mahal padahal cuman k an cuman nasinya aga kurang banyak saja buat porsiku ahahaha,negative
tempat nya nyaman adem banget enak buat nugas,neutral
nyamann enakk pegawainyaa ramahh nggaa baik,negative
tempatnya enak kalo buat santai ngerjain tugas juga oke mau lesehan atau duduk di kursi pelayanannya cepat walaupun ramai mungkin karena sudah terbiasa karena kopi studio terkenal pelayanannya cepat kamar mandi tidak ada tisu jadi perlu bawa sendiri agak ribet parkirnya lumayan tapi parkir mobil terbatas karena lebih khusus untuk motor terima kasih,neutral
tidak buat kaum mendang mending harga bikin menguras kantong tidak ada rincian struk makanan dan menu makanannya,negative
lumayan cocok untuk makan sama keluarga karena kalau anak muda kayaknya agak menguras kantong ya untuk satu porsi makanan terakhir beli kemarin kayanya porsi k rasanya oke si paling sering beli yang ayam bakar porsi banyak,negative
tempat luas cocok untuk makan bersama teman maupun bawa rombongan dengan harga mie dan dimsum yang ramah di kantong selama ini mie gacoan tidak pernah sepi ketika makan ini kecepatan penyediaan makanan keseluruhan oke sama seperti cabang yang lainnya dengan tingkat yang sering saya pesan entah mengapa rasa mie tidak begitu pedas mungkin cabai habis karena saya datang pas di terakhir urutan toilet bersih perlu diperhatikan ketersediaan tisu secara berkala staffnya juara ramah dan membantu sekali,positive
nasi tempong terbaik di banyuwangi ayam yang digunakan ayam kampung sambalnya mantab pelayanan cepat,neutral
konsep baru makanan langsung diambil tapi enggak sesuai sama kapasitas dapur jadi antri lama banget dibagian pengambilan mie kapok deh mending ke gacoan cabang yang lain saja,neutral
tempat adalah nyaman layanan adalah indah hanya saja perlu ditingkatkan dalam kelengkapan urutan harga boleh ditingkatkan dan porsi dibanyakan serta kecepatan dalam pelayanan keseluruhan semua yang lain aman,negative
wifinya lancar cocok buat nugas tempat nya adem,neutral
murah enak pokoknya yang terbaik,positive
perasaan dulu enggak begini sih tapi kali ini enggak banget ini pesenan aku jadi sampai aku makan ditempat enggak sampai menit loh masa milo nya kayak begini sih sudah ngeras banget rasa milo nya tengik lagi seriusan milo kayak begini masih dipakai buat toping harga pancong juga normal kok gapromo juga sayng banget enggak bisa mengasih vidio,neutral
rekomen banget buat anak kos harganya terjangkau pelayanan cepat nasi juga sudah bisa bebas isi ulang,positive
pertama kali makan nasi tempong disini lumayan kaget untuk rasa sambal b saja porsi lumayan dan yang bikin kaget harganya untuk porsi nasi tempong ayam tanpa bertambah apapun ribu perporsi termasuk mahal kalo di bandingkan nasi tempong yang ada di banyuwangi kota yang biasanya cuma ribu saja untuk nasi tempong ayam,negative
pelayanan cepat tempatnya nyaman dan kasirnya ramah,neutral
dinilai terlalu tinggi,negative
harga makanannya murah buat kantong mahasiswa,positive
zaman ngegrab dulu suka banget sama menu mie geprek doublerosewings dan nasi cantik sayang sekali sekarang sudah enggak ada menu nasi cantiknya padahal enak,negative
selalu ramai antri apalagi jam jam pulang kantor harga lumayan terjangkau,positive
pesanan saya tidak segera slesai dan yang antri setelah saya malah selesai duluan dan ketika tanya ke kasir malah menyolot malah nyuruh bantu,neutral
makan murah di tengah kota,positive
tempat rekomendasi buat nugas nongki makan minum nya bernilai itu banget,positive
enak tapi harga nya naik semua maklum bbm juga naik,negative
pelayanan bagus cepat dan responsif,neutral
tempatnya strategis vibes asik harga bersahabat disarankan buat nongkrong,positive
lama banget kalo makan disini saya padahal duluan terus ada yang datang terlambat tapi kenapa yang datang terakhir yang didulukan kecewa banget sama gacoan,neutral
murah meriah cocok untuk anak kos,positive
harga menu di layar tidak sinkron dengan yang di meja waktu pesan enggak lihat ternyata ada dua menu yang harganya beda selisih dari harga ke waktu dikonfirm kakaknya enggak tau kalo di monitor harganya karena di kasir harganya pesan makanan ringan ayam kulit dapetnya malah menu ricebox padahal lagi kenyang ingin nyemilin ayam kulit doang aku pesan takeaway jadi baru tau pas di rumah saran mungkin kakak kasirnya bisa mengasih tau sebelum orang pesan kalau harga pancongnya sesuai yang diletakkan di meja kasir disinkronin saja harga yang di monitor sama di meja terus lebih teliti lagi sama pesanan atau dikasih keterangan di systemnya kalo itu makanan ringan bukan beras,negative
beda tipis sama nelongso untuk varian menu oke banget,neutral
maaf tidak seenak geprek kak mawar cabang sigura gura kalpataru dari segi ayam kecil dan tidak hangat dengan harga lebih mahal sedikit dan ketambahan pajak ini sangat mengecewakan dari rasa juga hambar dan dari ayam nya kurang mengeluarkan rasa seperti ayam kentucky biasa bukan ayam geprek pada umumnya agak kaget mungkin beda pasar tapi maaf saya peringkat buruk karena memang mengecewakan apalagi saya pecinta geprek kak mawar semoga bisa di perbaiki untuk sop produk nya biar sama sama enak dengan cabang lain sama satu lagi kasir nya memberikan nota tidak sesuai dengan pesenan terima kasih,negative
saya pesan besar cookies dan krim ada toping boba coklat gula tapi enggak di ada rugi bayar kalo begitu enggak usah pakai topping saja sekalian ya minimal di kasih kompensasi,negative
enakk buangett,neutral
sambalnya pedas tapi yang namanya sambal sego tempong itu memang harus pedas bau terasinya juga terasa lauknya juga segar dan rasanya pas saat dimakan ada berbagai macam lauk ayam udang ikan telur dll sayurnya juga segar terlihat hijau jadi vitaminnya masih ada saat jam makan siang penuh dan ramai harganya murah dan sesuai dengan kantong pelayanannya juga cepat banget,positive
parkirnya luas tempatnya juga estetika parah pelayanannya juga atas makanan dan minumannya enakk banget,neutral
nipu pegawai nya tulisan nya refil gratis nasi dan th untuk kali pembelian kok di suruh bayar th nya terus lagi tisu untuk makan di lantai habis kinerjanya enggak jelas mereka jadi malas dan kapok beli ke sana lagi,negative
kasir mengomong terlalu cepat jadi enggak jelas nasi enggak bisa isi ulang makanan oke lah pesan es th malah dikasih th sisri parkir sangat tidak membantu sama sekali harga segitu nasi sedikit,negative
pelayanannya mantap banget oke semua rasa dan kualitas menunggu nya pun enggak lama cocok banget,neutral
bagus seru sangat nikmatilah enak dan harga kantong pelajar,neutral
cabang gacoan terrueenakk terlengkap cuma ini yang ada es krim dan bapaaoo,neutral
akhirnya nemu menu yang enak dulu ada nasi gila itu favorit aku oseng telor baso sosis sekarang selalu beli yang geprek kota yang tanpa tepung mana gratis refil nasi dan es th murah dan kenyang banget dengan rasa yang oke banget kalo bungkus ya enggak terlalu banyak nasinya kalo yang renyah aku sering dapetnya yang agak banyak ya kurang suka saja,positive
awas turis jebakan makanannya lumayan tempat juga bersih dan luas cuma sayang pelayanannya kurang mau bayar pakai qris enggak boleh meminta tunai saja dan sambil melotot alasannya yang punya lagi di luar kota lah yang penting kan bayar dan masuk rekening mau orangnya di mana pun enggak ngaruh kebetulan temenku yang mau bayar masih ambil uang di atm dikira enggak bayar utama pergi saja padahal sudah dibilangin temenku mau ambil uang tunai dulu eh si ibu mondar mandir nanyain terus pasti bayar kok bu ah elah oh ya dicopot saja kalau memang enggak ada gunanya stiker qris itu terus enggak ada harga daftar dan rincian pembayaran wkwk tau tau kegeprek sepiring nasi lauk cumi dan es th manis seharga sebenarnya masih terima saja kalo ada harga daftar dan rincian pembayarannya kalo enggak begini agak menyesal juga mohon diperbaiki,negative
masakan enak sistem ordernya bagus tapi kurang nyaman kita masih asik disitu piring keburu di ambil terkesan sedikit mengusir ya dan uang parkirnya agak beda sih per motor mau keluar agak susah ambil motor eh enggak dibantuin sama tukang parkirnya semoga lebih ditingkatkan lagi kenyamanannya,negative
pelayanan ramah tempatnya nyaman buat nugas dan kumpul kumpul ada wifi juga cocok banget,neutral
sampai sekarang masih beli mendapatkan siang ini coba ambil jauh ganyampek menitan sudah bisa bawa pulang pancong kopstud dulu awal awal kesini rame banget cari tempat duduk saja susah soal rasa belum berubah rekomendasi buat anak muda yang ingin jajan kekinian rame rame dan dengan kantong terbatas,positive
makanya bervariasi rasa cukup enak harga cukup murah,positive
segar sekali sambalnyaa,neutral
tolong lain kali pegawainya dikasih eval pelayanannya buruk lama dan enggak ramah sama sekali minimal senyumlah padahal datang pagi cuma aku saja yang pesan karyawan cowok sibuk utama hp mana di atas ada meja bekas orang makan enggak dibersihin sama sekali dusnya sama sediain uang receh buat kembalian sekelas kopi studio masa mengasih uang kembalian ke cust kurang,negative
untuk makanannya cukup baik tapi untuk segi kepedasan kadang tidak konsisten untuk di hari a kadang pedas kadang di hari b tidak pedas untuk konsep mengambil dan pesan di hp sangat memudahkan karena tidak membuat capek karena antri dan mungkin tolong memperjelas entah kasih tulisan dimana saja yang jelas kalau wifi gratis dan harus menanyakan ke staf dahulu keseluruhan bagus,neutral
banyak promosi asik cocok buat anak kost,positive
kasir awak berdua magetan parah total pesanan rbkeyboard key name kasih uang rbkeyboard key name katanya uang pas,negative
tempatnya enak makanannya juga enak banyak pilihan lauk,neutral
nyaman tempatnya cocok buat mahasiswa cz yang harga adalah terjangkau lengkap dengan colokan untuk nugas,positive
sejauh ini gacoan sukun lebih enak dari gacoan lain entah kenapa sayangnya sekarang harga naik,negative
tempatnya oke buat nongkrong makanannya enak harganya cenderung murah dibanding kota asal di jakarta keseluruhan karena dekat dari tempat kost juga sih jadinya bolak balik kesini,positive
makanannya enak dan bisa pilih sambal harga terjangkau,positive
langganan makan disini enak murah porsi sepuasnya,positive
sekarang enggak dapat esteh gratis gue bintang auto enggak makan sini laagi,negative
tempatnya enak harganya murah dan suasananya adem,positive
pelayanan buruk harganya juga membuat mahal tapi kualitas ayamnya enggak sesuai harga saya pesan keras banget seperti ayam sisa kemarin yang bolak balik dipanasin tempatnya juga kotor apalagi lantainya karyawannya juga waktu saya makan bisa bisanya tiduran di kursi belakang saya beda banget sama yang dulu,negative
mie nya kayakny porsinya lebih dikit daripada cabang yang lain pegawainya agak kurang ramah ya sayang jutek dan terkesan cuek dan enggak ramah alias mbesengut pelayanan juga lama banget pesanan diterima lumayan lama padahal sistem sudah canggih pindai barcode dimeja tapi pesanan sampai juga lama ygy di cedera waktu detik terakhir batas pesanan harus ada terima ada tukang parkirnya mobil motor kebersihan meja juga agak lama dibersihkan ya sayang mohon ditingkatkan lagi,negative
harga enggak sesuai di menu kena pajak persen enggak bilang dulu kalau ada pajaknya,negative
sudah galagi deh beli makan disini masa orang enggak mau bayar parkir dipaksa banget suruh bayar parkir bukan enggak mau bayar sih aku tapi gabawa cess soalnya makanan aku dibungkus aku kira gabakalan diminta parkir ternyata iya sampai tukang parkirnya gasopan banget mintanya oiya men itu tukang parkir suruan men atau bagaimana makanan jadi gara gara ada parkir aku seandainya makan ditempat ya gajadi masalah bayar parkir iniloh orang dibungkus tetap saja diminta tolong renpons ya men terimakasih,negative
tempatnya enak dan makanannya murah mantap pokoknya,positive
baksonya enak banget ada menu mie dan nasi goreng dan nasi bakso kekinian juga harga agak mahal tempat nyaman banget dan menarik walau kalau kebagian yang dalem agak panas pelayanan oke orangnya ramah tempat parkir cukuplah kalo pakai sepeda motor kalo mobil kalo pas rame agak ribet juga keseluruhan i seperti ini tempat bakal balik lagi,negative
semakin mahal jujur saya semakin enggak suka bukan lagi idola anak kos,negative
kopi paling mantap buat mahasiswa malang terutama kopi ada krim nya tipe kopi yang enggak terlalu kuat jadi masih bisa buat yang gasuka kopi banyak juga varian lain dan ada makanan juga harganya diskon bahkan mulai k dapat beli untuk kopi mantap kopi studio,positive
makanannya enak tapi harganya sedikit mahal kira ini didaerah,negative
tempatnya nyaman dan luas harga bernilai itu untuk pelajar,positive
baksonya cukup variatif dan enak dengan sistem prasmanan harga cukup bersahabat untuk tempat sirkulasi udara cukup kurang sedikit pengap serta parkiran cukup sempit,positive
kenapa sih gacoan sukun packingnya busa sayang banget di tempat lain kayanya pakai kotak tadi ada acara pesan tuh kotak eh packingnya busa dong enggak ekspek banget,neutral
makanan dan minuman murah enakk tempat nya bagus dan bersih,positive
pelayanan bagus tempatnya juga bersih harganya murah cocok untuk anak kost,positive
harga hemat sesuai kantong pelayanan ramah cepat tempat bersih bisa buat bersantai,positive
pelayanan ramah makanannya juga enak murmeh ramah dikantong mahasiswa,positive
menunya wort itt banget dengan harganya tempatnya luas cuma sering banget susah cari tempat duduk karena penuh,positive
ada dua lokasi indor dan outdor kue pancongnya enak banget minuman beli satu mendapatkan satu lebih hemat daripada beli satuan disini juga cocok buat mengerjakan tugas kalo mau ke toilet lebih bersih di toilet luar kalo di dalam kurang rekomendasi tapi masih bersih,positive
tempatnya nyaman banget buat nugas wifinya kencang banget harganya juga murah murah,positive
agak mahal kalo dibanding kompetitor lainnya,negative
rekomen banget buat tempat buat nugas menunya juga terjangkau,positive
rasa makanan lumayan enak dan bersih,neutral
semalam kesini repot bawa saudara dari kalimantan saudara surabaya tak ajak makan di sini ternyata zonk kuah dingin tempat jorok banget mangkok banyak udara enggak jelas pada tumpah campur tisu basah penasaran banget sama bakso kejunya karyawan di tanya bakso keju yang mana pada enggak tau alhasil aku enggak dapat bakso kejunya ada tulisan es th gratis tapi tetap bayar,negative
coworking spasi bagus bersih muat puluhan orang tetap nyaman menunya lengkap murah enak pas deh pokoknya,positive
beritahu kak mawar sukun lauknya dingin nasi bubur tehnya teajus harga lebih mahal orang rbkeyboard key name,negative
makanan enak harga murah menu beragam,positive
ini kenapa kok tumben lama banget ya kata drivernya karyawannya lemot karyawan padahal ada orang biasanya enggak sampai kayak begini lamanya pelayanannya sampai pengandar yang lain komplain juga pada di tunggu pelanggan lain,neutral
saat perut keroncongan pas lewat jalan sumbersari silakan mampir di geprek kak mawar ayam geprek murah meriah di sekitar lokasi universitas uin maliki malang tempat mudah ditemukan depan bank bri sumbersari parkir roda cukup bayar ribu rupiah porsi geprek cryspi nasi hanya kak porsi geprek kota nasi hanya dan masih ada menu lainnya yang juga murah minum mulai harga kak kak cocok buat backpaker dan anak kos mahasiswa,positive
dengan harga lumayan mahal wort itu lah enak enggak terlalu wah seperti nasi biasa nya sambelnya ya b saja kurang nendang mantap,negative
makanan dan minuman nya endul dan harga nya sanganmt bersahabat dikantong ibu rumah tangga enak tempat nya bersih nyaman,positive
pertama kali coba nasi tempong dan puji tuhan dengan rasa yang enak dan murah dengan banyak pilihan lauk,positive
baru menit yang lalu makan disana tapi dapat pengalaman buruk niatnya kesana buat sahur pesan siomay tapi katanya masih dipanasin terus kita tunggu sampai menit ditanyain lagi katanya masih suruh menunggu sampai ke kalinya ditanyain katanya masih dimasak dan disuru menunggu menit lagi katanya parahnya sampai ke kali kita tanya masih belum ada kejelasan masa mau makan siomay saja disuru menunggu selama itu terus datang mas nanyain siomaynya belum ya giliran sudah siap dan kita meminta dibungkus malah disuru bayar wadah buat bungkus tanpa ada kata maaf dan rasa bersalah mengomong kayak begitu kita tau kalo mau dibungkus itu harus bayar wadahnya lagi tapi situasi saat itu kan bukan salah kita sebagai pelanggan kita sudah menunggu lama kok enggak ada kompensasi apapun minimal enggak usah bayar wadah bungkusnya dan satu lagi salah satu mbak karyawan disitu kenapa ya mukanya judes banget waktu kita meminta dibungkus tolong diperbaiki lagi pelayanannya tempatnya memang bagus tapi enggak dengan pelayanannya sudah sering kesana tapi baru kali ini dapat pelayanan kayak begitu,negative
penjual nya ramah banget humoris dan cekatan makanan nya enak sambel bawang nya juara,neutral
murah ramah bersih dan enak,positive
sebelumnya mohon maaf ini baru pertama kali kesana karena penasaran sama bakso kejunya dan kesananya habis isya pas kritik untuk baksonya kuah dan bakso tidak panas cuma anget saja padahal bakso itu enaknya kuah panas karena enggak panas akibatnya cepat ngendal kalo orang jawa bilang lemaknya jadi cepat padat dan menempel di langit mulut baksonya yang di kukusan juga atasnya sampai kering dan menggelap warnanya karena enggak panas harusnya kompor nyala terus biar panas terus kuah dan baksonya juga baksonya perlu beberapa menit sekali disiram kuah panas biar enggak kering banget begitu sampai tadi dengar juga dari meja sebelah bapak mengomong ke istrinya kalo baksonya enggak panas berarti bukan saya saja yang merasa begini ambil bakso telur puyuh tapi duanya enggak ada isi telur puyuhnya padahal di kukusannya sudah dikasih tulisan bakso puyuh tapi enggak ada isi telornya ambil bakso keju juga yang katanya lumer tapi enggak ada lumer molornya sama sekali sekali lagi karena bakso dan kuahnya kurang panas cuma anget saja jadi rasa kejunya aneh begitu bikin eneg enggak ada tetelannya padahal katanya bebas khusnudzon saja mungkin sudah kehabisan untuk harga bakso keju sama puyuh dihitung sama rbpcs yang menurut saya kurang bernilai itu karena mengecewakan banget mengacu dari review kritik saya di atas yang oke cuma dari daging baksonya saja yang memang ndaging banget tolong sesuaikan pelayanan dengan harga yang diberikan sop nya mungkin kurang detail mengenai penyajian baksonya entah dari peletakan bakso sesuai nama atau dari tingkat panasnya semoga segera diperbaiki terimakasih,negative
kopinya enak creamy ayam geprek besar dan sambelnya enak,neutral
enggak bernilai itu kayak dulu mie nya kadang masih keras enggak mateng terus makanannya ambil sendiri padahal dulu diantar mana antri pembayaran juga lama terus harus ambil makanan sendiri parah sih,negative
biasanya makan tempong di bali baru sekarang makan tempong di kota asalnya selain lauk yang digoreng juga ada masakan cumi hitam sayuran rebusnya juga banyak,neutral
bakso sayurr terenak,neutral
pelayanan lama kalau online lagi kosong ditutup masa pengandar menunggu menit iya kalo ongkos mahal ongkos disuruh menunggu menit lebih,negative
harga terjangkau suasana tenang banget buat nongki,positive
tempatnya enak bisa lesehan pakai kursi juga bisa tempatnya enggak panas harga juga murah di kantong pelajar rasa semua minuman enak rata manis mantap deh,positive
ramee banget sedap masakannya pilihan lauknya juga buanyaak pelayannya ramah dan sabar bu har nya sendiri yang melayani pembayaran juga ramah harga pantas lah dengan rasa dan porsi hidangan mantap bakal balik lagi kalo ke banyuwangi,positive
pelayanan bintang penyajian pesanannya cepett sudah berkali kali kesini enggak pernah mengecewakan tapi kalau makan ini ada beberapa orang yang setelah makan bungkusnya enggak dibersihkan,neutral
pesanannya cepat pelayanan ramah,neutral
murah meriah mantab jos jis wess semoga semakin luas untuk tempatnya,positive
pilihan lauknya lumayan lengkap sambalnya enak banget pedesnya pas enggak bikin kebakaran harganya sangat bersahabat termasuk nasi tempong terfavorit saya sejauh ini selain karena harganya juga enggak mahal,positive
makanannya enakk tempatnya nyaman,neutral
maaf ya sebelumnya memang saya beli di waktu berpuasa tapi saya bela membela dari gadang buat makan di kak mawar suhat dengan keadaan mengidam tm sudah senang banget giliran sudah siap semua geprek nya dingin kayak sisa smlm sudah banyak kalo menu paket its oke lah pesan salah satu ikonik nya malah zonk nasiknya dingin dan kering sedih banget sangat di luar ekspetasi saya,neutral
layanan nya cepat cuma kasirnya galak habis makan langsung enggak nyaman gara gara di jutekin,negative
enggak lagi lagi kesini ayam nya dingin es nya enggak diancurin ini minum es pakai th atau th pakai es aku makan di kak mawar sigura gura masih enak pakai nya es tabung ini malah es yang ecek ecek sudah begitu datang enggak ada parkir aku keluar pun enggak ada parkir bantu apa apa baru jalan semeter malah di teriakin woyy tukang parkir nya lari demi k enggak banget kak mawar ndk kene sak elek elek e aku mangan ndk outlet iki paling nemen sumpah enggak bernilai itu sama sekali,negative
harga sangat terjangkau,positive
bos pikirkan jangan ambil untung saja kasihan pengandar nya nungu berdiri jam ongkos k tolong evaluasi,negative
pemesanan untuk makan ini dengan cara modern cuma dengan pindai barcode tanpa kita harus mengantri panjang didepan kasir dan untuk ambil jauh kita hanya perlu pesan didepan monitor yang sudah disediakan cuma hanya digacoan sawojajar pelayan yang mudah dan cepat wajib kesini ya guyss haruss dong,neutral
penasran dekat rumah dan kebetulan mau mengasih teman sekolah sd ku kejutan ulang tahun ya akhirnya mencoba kesini pas di bawah mau duduk agak bingung karena banyak mas gojek kayak kurang leluasa tempatnya karena rame banget gojek nya sdikit kurang nyaman ruang gerak nya ada indoor dekat kasir tapi sempit dan panas lupa enggak di nyalain ac nya baru pas kita deh mau kelar di nyalain dan di dalam lumayan nyaman lah untuk rasa kopi dan minuman lain standar kopi memang agak kemanisan kembali lagi selera pecinta kopi enggak ada makanan berat terus cireng nya kurang bumbu nya dikit banget paling enggak dekat rumah ada tempat nongkrong dan ngopi lah ya sukses buat kopi,positive
enaakk pelayanannya ramah jgg bernilai itt,positive
tempat luas nyaman untuk nongkrong makanan dan minuman,neutral
enak sekali langganan mahasiswa,positive
enak murah berkualitas,positive
pelayanan nya ramah cepat banget penyajian nya harga nya juga termasuk kantong mahasiswa banget jadi betah kalo kesana tiap hari,positive
kasirnya jutek cuma beli lauk doang enggak pakai nasi kayak enggak dihargai banget wkwk dikira enggak bisa beli apa ya pelayanannya lebih ditingkatin lagi pls,negative
pelayanan nya oke mas nya ramah,neutral
enggak di kayak i sambel iki pye broo bro niat dodol ta enggak,negative
memang iya lain cabang kualitasnya beda banget kayak begini kasir salah masukan minuman malah jadi dimsum pas disebutin ulang bilang es jeruk padahal di nota ternyata enggak ada es jeruk dan bertambah udang keju salah kami juga enggak cek lagi pas sebelum bayar pas dikonfirm lagi ke kasir malah enggak bisa di ganti atau dicancel enggak ada ucapan maaf dari kasir juga padahal yang bilang es jeruk ada orang masih saja masukan dimsum keju pas mie nya datang aku pesan hompimpa tingkat tapi cabenya enggak sampai se sendok memang iya dikurangi karena harga cabe tinggi buat sebesar waralaba sangat disayangkan okelah dikurangi tapi ini kurang banget untuk lvl perlu hubungi akun ig pusatnya,negative
mohon untuk lebih memperhatikan pelanggan dalam memesan makanan saya pesan ambil jauh paket komplit tapi ternyata cuman dikasih yang biasa walaupun perbedaan harganya cuman k tapi itu lumayan buat bayar parkir meminta tolong jangan mengobrol sendiri ya pegawainya kalo kerja profesional,negative
enak murah ramah astungkara lancar selalu usahanya ya,positive
keseluruhan sangat memuaskan mulai dari makanan sampai pelayanan,neutral
langganan makann disinii,neutral
beli mendapatkan nya mantap abizz,positive
makanan anak kos banget sayangnya harganya membuat naik dulu rban sekarang sudah rban yuk murahin lagi biar enggak kalah sama yang lain xixi,negative
kak mawar memang terbaik dari segi rasanya yang enak tepungnya renyah banget ayamnya pun ada rasa sambelnya juga enak dan pedas ada beberapa pilihan sambal sambal tomat sambal merah dan sambal hijau harganya pun sangat nilai untuk uang dan worthed pokoknya paling murah dan paling memuaskan yang enak disini adalah porsi ayamnya yang cukup besar ditambah dengan nasi yang bisa ambil sepuasnya bisa bertambah juga serundeng dan bumbu kari juga es th bisa diambil sepuasnya benar benar pujaan anak kos tempat cukup luas dan bersih namun kalau lagi ramai ya tetap penuh juga buka jam bebas wifi juga,positive
sultan banget harganya tapi enak rasanya,negative
harga sangat ramah di kantong tetapi tempat masih kurang untuk dimakan di tempat tersebut,positive
sudah harga naik menunggu hampir jam dan setelah sampai rumah mau dimakan ternyata porsinya semakin dikit dan pangsit semakin kecil tolong ditingkatkan kualitasnya harga toh sudah naik,negative
tempatnya nyaman enak buat nugas dan nongki bareng teman,neutral
lumayan enak tapi harga juga lumayan mahal,negative
tempatnya nyaman banget buat me waktu sambil nugas karena buka jam jadi bisa ngerjain sampai benar ngantukk pelayanannya juga super topp,neutral
dari awal sudah bilang kalau kentang enggak pakai garam tapi masih tetap pakai garam padahala buat anak kecil karena kalau dikasih garam mengasih nya banyak banget kayak makan garam sendok untuk pancong kata nya habis seharus nya harus ada stok dong biar enggak kehabisan akhirnya dibawa pulang pancong nya meja nya kotor indak diberesin kalau indak meminta di beresin,neutral
makanan dan minumannya murah tempat luas namun ada beberapa spot yang kuranh bersih tukang parkirnya kurang satset haha,positive
pelayanan oke tempatnya nyaman mantap,neutral
spasi banyak harga murah menu banyak,positive
tempatnya nyaman banget ayamnya renyah cocok untuk makan siang kalau menurut saya dan harganya kantong mahasiswa terima kasih saya bukan promosi,positive
sumpah benar benar kecewa kita ini beli enggak meminta tolong perbaiki pelayanannya pinjem gelas saja enggak boleh kalo memang ada biaya kami bayr kita pinjem gelas buat es con anak ku karena makan ada tempat kececeran anak ku masih umur th tolong ya sediain gelas buat es con yang makan ada tempat ya kalo yang makan tidak dewasa kalo anak kesulitan kalo pun ada biaya bayr pinjem gelas enggak boleh memangnya kita mau bawa pulang gelas nya sumpah kecewa,negative
mbaknya ramah dan baik cuma bisa kali ya diinfoin kalo minuman ternyata ambil sendiri sebagai orang yang jarang ke gacoan baru tau kalo ada perubahan kayak begini dulu kan diantar semua kalo enggak salah tempatnya sejuk mienya juga enak rasa masih oke tolong jangan kuras dompetkuu xixixi,negative
harganya enggak konsisten yang murah mah murah yang mahal malah kemahalan padahal menunya enggak bda jauh,negative
kalo urutan lewat ojol enak banyak promoan ayam renyah enak sekali terbaik apalagi ada serundengnya begitu sambel pedesnya pas cuma es tehnya kalo ngaduk enggak rata banget gula masih di bawah semua,positive
suasana banget makanan sama tempatnya mungkin kamar mandinya saja agak kotor tapi luuv buat nongkrong,neutral
sangat enak buat wfc rekomen deh,neutral
sudah sering kesini tapi semakin lama semakin kecil ayamnya kemarin malah dapat cuma kayak filletan dada ayam jadi tipis banget enggak lagi deh kesini ini baru saya makan dikit padahal minum juga dulu enggak bayar cangkir sekarang jadi bayar,negative
harga murah tapi kualitas tidak diragukan untuk cabang kalpataru tempat luas dan juga bersih namun kurangnya adalah tidak disediakan tisu per meja jadi kalau mau ambil tisu harus dari wastafel,positive
makanannya sangat cepat di sajikan dan tepat waktu,neutral
tempatnya sih oke cuma pelayanannya super duper lamaa masak urutan minum saja nunggunya menit dan itu enggak cuma sekali duakali,neutral
minuman dan minumannya murah banget terus pelayanannya mantap jiwa,positive
pedas tapi puas enggak apa apa,neutral
tempatnya nyaman banget pelayanan ramah dan makanannya juga enak banget kalo lagi ingin nongkrong rendah anggaran wajibb banget kesini karena se bernilai itu itu tempatnyaa,positive
enak banget mskpn harganya agak mahal tapi puas,negative
sistem semakin buruk pengandar harus menunggu selama mungkin katanya mau dibenahi dari sistem orderan online tapi mana hasilnya nihil dulu cepat sekarang membuat lambat mana manajemen katanya mau berbenah hasilnya nihil,neutral
kalau di lihat beberapa cabang sudah mulai tutup dan tidak ada pemeliharaan terhadap permasalahan yang sering terjadi produk pengetahuan layanan waktu sikap padahal kak mawar sudah menjadi pionir ayam geprek kala itu menyaingi kompetitor nya ayam nelongso sekarang malah jauh dari kata baik,neutral
tempatnyaa leren banget makanan nya juga enak apalagi sambel nya pedas gurih enak jadi mantap sekali suka deh sama geprek kak mawar,neutral
enak sekali kuah kaldunya berasa banget dan pas di lidah pentolnya juga enak enak harga ramah kantong disarankan bakal kesini lagi nanti,positive
menu makanan di sini seperti menu penyetan namun pilihan lauknya cukup banyak ada sayur rebusnya juga cocok untuk makan siang atau makan malam tempat makan luas namun daerah parkir terbatas harga memang sedikit lebih mahal,negative
pelayanannya lama padahal sepi harga membuat mahal penyajian alas kadarnya,negative
mungkin kepada tukang parkir nya bisa ditekan kan lagi kalau parkir ojol k soalnya pengalaman saya tukang parkirnya ambil k mohon maaf ya bukannya saya tidak ikhlas atau bagaimana soalnya untuk ojol seperti kami uang k itu penting banget loh apalagi dalam sekali urutan kami hanya dapat komisi kalau diambil k sisa dong sebenarnya saya juga salah karena tidak memakai seragam lengkap tapi setidaknya kalau bisa di tanya dulu ojol atau pelanggan apalagi sudah jelas ada pemegang hp di kaca spion sepeda saya,negative
enak murah pelayanan ramah,positive
oke sih makanannya standart tapi mienya menurutku kurang asin sih kalo di sini outlet di sukun rasanya oke oke saja servicenya oke ada pelanggan keluar langsung dibersihin tempatnya enggak terlalu rame si jadi cocok lah,neutral
tempat nyaman tenang santuyy makanan enakk sekali,neutral
keseluruhan baik makanan muniman murah harga terjangkau buat kantong pelajar,positive
pelayanannya ramah dan cepat rasanya enak pembayaran juga sederhana atas banget dah,negative
harganya pas di kantong kalangan mahasiswa kalau makan ditempat bisa ambil nasi gule laos dan th sepuasnya nih buat mahasiswa yang dompetnya menipis di akhir bulan cus makan disini,positive
pengalaman pertama kali makan disini karena penasaran tidak ada daftar menu harga pelayanan kurang ramah bahkan terkesan ketus saat ditanya harga kesannya makanan biasa saja kurang sebanding dengan harganya,negative
pajak terlalu mahal masak mahal pajaknya daripada mie gacoannya ini makan di tempat kalau di bawa pulang pun ada pajak malah lebih besar,negative
pelayanannya enak dan cepat harga makanan dan minumannya relatif murah buka jam banyak stopkontak dan wifinya beda lantai beda wifi jadi kencang sandi wifi ada di struk enak banget buat nugas apalagi ada pilihan indoor berac atau outdoor kursinya juga banyak ada yang empuk ada yang kayu,positive
rasa mantab tapi harga enggak jelas saat diminta nota kasir bingung pelayan menggerutu itu orang makan enggak pulang,negative
selalu mengadakan promo kopi beli mendapatkan harganya cuma buat yang di sigura gura kopi yang freenya tetap enak enggak encer kayak di suhat disini tempantnya nyaman ada lantai dan lantai lantai ada indoor dan outdoor cocok banget buat mengobrol santai maupun ngerjain tugas kue pancong dan cirengnya rekomendasi banget,positive
lama dalam pelayanan tidak sesuai jam buka,neutral
makanan enggak enak basi bau harganya mahal tapi enggak enak kalau enggak niat jualan tutup saja onlinenya merugikan orang lain menunggu lama makanan tidak siap jangan jualan kalau tidak niat semua grupnya anak baik korps jangan dibeli enggak enak sama seperti ayam nelongso parah lama semua pelayanannya lelet semua,negative
maaf benar benar kecewa saat kesini kronologinya kita datang memang sudah malam sekitar jam an kalau enggak salah dan ternyta mereka hampir tutup tapi waktu kita masuk masih di terima karena untuk lauknya katanya masih ada kita orang waktu itu setelah kita menunggu bberapa waktu makanan yang kita pesan sudah siap nih di piring masih ada nasi ayam sambal dan terong tambah th hangat gelas nah pas sudah mau bayar kita enggak di kasih tau itu harganya berapa per porsi tiba tiba langsung di totalkan rbkeyboard key name itu katanya sudah di potong karena nasi tempongnya enggak lengkap tapi tidak di jelaskan porsi yang telah kita makan di kasih harga berapa nya mnurut kalian bernilai itu enggak dengan harga segitu sama yang kita makan sesuai yang ada di foto saya,negative
makanan dan minumannya sangat murah dan enak untuk suasana tempat nya nyaman dan bersih mampir ke kopi studio sarangan ya,positive
tukang parkirnya ruwet orang nongkrong sampai pagi di omelin padahal orang makan minum bayar disini rusak rusak padahal beli makan di sini belanjakan enggak cuma k tapi hampir k kalo akhir pekan enggak disarankan buat kesini tukang parkirnya nanti ngusir kalian kalo nongkrong lama kelamaan disini saya mau makan hari ini tanggal agustus enggak di bolehin gara gara saya di tempat ini sampai subuh padahal saya datang juga jam malam benar benar enggak memakai masuk akal sangat enggak disarankan,negative
tempattnya nyamann dan juga untuk ayamnya juga enakk murahh untuk pelayanan cepat dan ramahh,positive
nasi kali tra lebih kenyang ayam kali tra lebih besar pastinya harga juga kali tra lebih dari cabang lain,negative
kaget pertama kali kesini beli porsi rbkeyboard key name ayam nya keras tepung tok sambel cuma sedikit harga mahal tempat kotor nasi agak lembek kayak bubur menunggu juga agak lama pegawai kurang ramah sekali sempat ada yang protes langsung juga tadi masalah isi ulang an habis semua,negative
kecewa sudah enggak seperti dulu lagi enggak bisa ngambil laos sama kari sepuasanya lagi harganya naik terus,negative
rasa biasa saja harga diatas rata sego tempong lainnya,negative
sering kasih diskon,positive
pelayanan ramah harga terjangkau,positive
makanannya murahh tapi enakk banget minumnya enak tempatnya nyaman staf nya cepat dan ramahh,positive
pesan ayam renyah kebetulan pas lagi sepi pas mau bayar sudah jelas dimenu kak coba nge tes kasirnya eh malah disuruh bayar kak yaudah gua kasih saja itung sedekah lain kali coba dilatih kejujurannya biar berkah jadi menyesal beli di geprek kak mawar cabang ini padahal cabang lain pada jujur,negative
mie nya enak dan rasanya pas bikin nagih setiap kali ke sana tidak kaleng kaleng deh pokoknya enggak pernah bosenn,positive
tolong tempat masaknya di bersihkan dong aku biasanya beli di jember meski paling pedas enggak pernah diare ini beli yang enggak pedas disini diare sama temenku juga waktu itu beli via gojek tadi lihat langsung ke tempat ternyata lumayan kotor tempat masaknya,neutral
parah tuker menu saja enggak bisa padahal belum dibayar kasir bilang sudah enggak bisa ditukar ini belum bayar loh kecuali sudah bayar oke enggak bisa ditukar gapapa harusnya bisa di sistem di rps,neutral
tempat okelah walaupun pinggir jalan banyak debu makan lumayan sambel pedas nampol tapi sayang pelayanannya bikin kecewa tidak ada ramah nya kalo di tanya jwbnya sama cemberut jadi malas deh malas balik lagi,neutral
sebenarnya kopi studio itu sudah pilihan banyak orang mulai jaman dulu karena selain murah juga enak makanan maupun minumannya cuma menurutku dari koordinasi tim dan juga sikap enggak ada pelatihan sama sekali mungkin beberapa seperti anak baru lebih sopan dan yang lama tidak ada sopan nya sama sekali teriak ketika stok habis dan harusnya itu kalo kelihatan pelanggan enggak banget dan termasuk sikap kerja harusnya kopi studio sebagai merek yang sudah besar bisa lebih cermat lagi dalam memilih awak kelihatan banget juga anak baru kayak dibully sama anak anak lama harusnya pemilik ataupun manajer daerah bisa lebih handel hal ini juga pelanggan yang lihatnya juga enggak nyaman jadinya,positive
tiap hari kerja pasti nongki disini sambil menunggu anakku yang sekolah di seberangnya,neutral
kok membuat beda dari yang dulu pelayanannya kurang ramah menunya banyak yang ludes padahal enak belum kemalaman katanya revill tapi ada persulit meminta es th tempatnya mejanya kurang bersih ii tisunya saja belasan mungkin itu sebabnya kamu enggak tau enaknya makanan kamu bagaimana eh ternyata ikan petek kamu lama di kulkas salah bertambah harga wajar kalo membuat sering kesini membuat sepi pelanggannya jadi ini sedikit curhatanku biar kamu bisa pertimbangkan,negative
rekomendasi minuman yang enak pelayanan yang ramah tempat yang nyaman dan harga yang terjangkau kantong pelajar,positive
sumpah mending yang mau makan ini di sini pikir lagi deh tukang parkirnya enggak banget baru saja kejadian gegara kelupaan kunci motor di atas akhirnya balik ke atas lagi buat ngambil malah kena parkir x padahal sudah bayar tukang parkirnya ngotot katanya belum bayar belum ada sejam sudah lupa enggak berkah pak njenengan kalo kayak begitu bukan masalah uang tapi sikap nya dimana mending pihak kak mawar tegas deh sama tukang parkirnya ya yang ada pelanggan kabur semua kalo tau parkirnya kayak begitu,negative
harga seperti dipatok tidak jelas rasa biasa,negative
mie nya asin banget tali lembek banget,neutral
tempat nyaman ayam renyah enak harga bernilai itu,positive
pelayanan oke rasa oke definisi murah tapi enak sekali,positive
terjangkau harganya,positive
porsi sedikit ayam goreng kurang garing sayur lalapan hanya gagang nya harganya lumayan mahal ayam goreng ati ampela udang es th harganya ribu rupiah,negative
tempatnya bagus harganya murah pelayanannya bagus,positive
kotor sih meja pliket nya meminta ampun kamar mandi kotor penuh sawi lantai bawah juga kotor pas kesana tetelan gajih nya kosong itu jeruk es nta kayak air putih,neutral
mantap enggak perlu jauh ke ub,neutral
ini terlalu mahal masak iya es th ribu slaah tempat kotor ayaam nya cuman sedikit,negative
temapt yang cocok dibuat jyantai bersama teman dan mengerjakan tugas,neutral
pertama kesan dari warung nasi tempong bu har kotor jadi ilfil baiklah untuk menetralisir perasaan cuss ke menu menggiurkan sih ngambil belut goreng dan udang urutan piring standar nasi tempong ada sayur kulupan bayam terong dadar jagung dan seupil ikan asin minum th tawar gelas sambelnya enggak shanthuy pedas ngamplokk alhasil saya bukannya kenyang makan tapi kekenyangan minum total semua orderan saya rbkeyboard key name tambah krupuk blek harga yang mahal untuk nasi tempong yang enggak bisa saya nikmati cukup sekian ulasan saya terimakasih,negative
di sarankan untuk harganya lebih transparan ya sepertinya kalkulatornya rusak,negative
sudah menunggu lama banget taunya nasinya belum mateng bagaimana si,neutral
kalau di sigura agak kurang bernilai untuk nugas karena gampang penuh jadi seringnya beli beli get dan dibawa pulang,positive
kuah kurang panas dan pelayanan aga lama bawang goreng habis tidak cepat di refil dan banyak tempat yang tidak langsung dibersihkan,neutral
kasir terburu jadi tidak bisa pesan dan melihat menu secara santai dan detail padahal posisi pelanggan lagi sepi,neutral
gepreknya enakk murah pelayanannya juga oke,positive
tempat nya luas dan bersih pelayanan ramah dan cepat,neutral
saya datang h puasa minggu tanggal rada kecewa sama rasa mie nya soalnya sebenarnya saya sudah langganan disini dan sering banget ke cabang inj waktu itu mienya terlalu lodho banget banget banget pesan mie gacoan kayak enggak ada kecapnya ada petunjuk kecap tapi tipis banget jadi dibilang mie gacoan bukan dibilang mie hompimpa juga bukan bingung saya terus saya melihat meja lain perasaan warnanya seperti ada kecapnya ya seperti gacoan seperti biasanya umumnya galama kemudian meja lain diantar dan ternyata sama kayak punya saya yang pucet begitu lodho yawda ku makan saja tapi piringnya kotor banget penuh minyak atas bawah kanan kiri itu pengalaman saya yang kurang enak padahal sering kesini kok pas hari itu aga tidak menyenangkan rasanya tempat dimsumnya juga berminyak banget bagian luarnya mungkin bisa dilap dulu ya kak terimakasih,neutral
jujur sedikit kecewa dengan layanan yang dikasih selama di mie gacoan sawojajar disini model pemesanannya sedikit berbeda dari cabang lainnya yang aku tau disini pakai pindai menu di nomor meja tapi di awal masuk enggak ada arahan untuk ambil nomor meja dan edukasi terkait cara pemesanan terus pas ditanya buat nomor meja kakak pekerja nya malah tanya balik dengan sedikit menyolot dan tidak ramah loh belum ambil nomor meja untuk takeaway disini modelnya kayak mcd jadi pakai diri memesan kios keseluruhan ini oke sih pembayaran bisa qris atau ke kasir jujur mending langsung diri urutan di mesin daripada sama mbak mbaknya dijutekin semoga bisa buat bahan perbaikan managementnya oleh yang cara tadi menunggu makanannya datang hampir sejam tapi buat minumannya cepat lah paling menit jadi mending kesini kalo enggak laper laper amat daripada laper terus dijutekin yang ada membuat buat tambah nya bapak parkirnya ramah dan membantu,negative
mantap murah cepat pelayanan cukup ramah rasa makanannya enak bumbunya unik cuman yang jadi koreksi nasinya kurang bersih kalau cuci ada lumayan banyak padi utuhnya untuk yang lain sudah syiipp,positive
tempat makan murah tapi enggak murahan pecinta pedas wajib banget coba nih,negative
bolee akan kesini lagi karena nasi boleh ambil sendiri saya banyak makan nasi haha tempatnya cukup bersih dan di pinggir jalan,neutral
baksonya enak murah harga pelajar,positive
oiyaa tolong dong pancong nya itu lain kali kalo packing enggak usah pakai kerak gosong nya yang harusnya enak malah jadi kelihatan enggak higienis keseluruhan kopsus dcream dengan kurang dari es masih jadi favoritku,neutral
bagikan pengalaman saya hati hati saja kalau disini tentang tukang parkirnya saya sudah berapa kali kena tukang parkir masalah karcis yang pertama enggak dikasih tiket tiba tiba di kasih karcis di sepedanya disuruh bayar k buat denda keren wes tukang parkir juga ngotot marah marah kejadian kedua yang paling saya ingat saya bayar kali pertama saya keluar bayar itu posisi hujan deras tukang parkir enggak mau nyanrangin sama sekali terus bantu sepeda mu mepet semua saya sendiri yang mindah tukang parkir enak merokok di dalam jos tenan wes pas balik lagi dia enggak mengasih tiket tiba tiba ada karcis di sepeda ngotot bayar denda lagi k yang ketiga duhla banyak sebenarnya tapi ini yang paling saya ingat saat itu jam malam saya ingat tukang parkir nyuruh masuk enggak dikasih tiket sama sekali posisi hujan deras saya tagih katanya nanti saja pas saya mau bayar k disuruh bayar k buat denda wkwkwk sama sama mangan duek haramam ya ruet toh masih ingat saya yang satu orang nya tinggi yang satu pendek ada jenggot kalo enggak salah yang tinggi ini tindikan di kuping sebelah kiri atau kanan begitu ini kejadian baru minggu ini dapat kira kira kejadian saya kasih saja biar sadar diri mungkin skalian dipecat wes enggak amanah hati hati saja buat pelanggan sini,negative
msak gofood doble urutan mau di batalin enggak bisa jadi bayar dobel dong seharus nya mau dong di batalin orang belum dapat pengandar juga,negative
bakso dengan tipe kuah yang ku cari selama ini tipe jawa baratan biasanya basko malang sekitar tmp ku ngontrak rasa kuahnya sama dagingnya terasa sesuai harga,positive
tempatnya nyaman ada musholanya harganya juga terjangkau cocok untuk tempat nongkrong ngerjain tugas,positive
tadi saya makan di tempat ini dan pas saya keluar ada tukang parkir yang memprovokasi saya bilang nya uang parkir nya untuk anak yatim piatu sedangkan pas saya bayar pakai qris itu masuk ke akun yang bernama parkir indomaret tolong jika tidak mau kehilangan pelanggan tolong hilangkan pungli yang suka malakin orang sangat tidak etis cara mereka berbicara saya tidak suka sekali mereka memaki sedangkan mereka yang butuh uang saya doakan semua uang yang saya keluarkan buat tempat makan ini dan parlir semua haramm termasuk uang yang di keluarkan sama orang orang untuk tempat dan parkir ini haramam semuaa,negative
parkirnya penuh tapi tukang parkirnya se enaknya sendiri padahal kita bayar juga sudah harga minuman saja kena muatan tempat juga enggak bersih amat mungkin itu yang perlu di perbaiki kalo memang enggak mau bersih ya kasih himbauan kayak buat pelanggan sefl bersih servis sendiri kan bisa mana lalat sama nyamuknya juga lumayan banyak,negative
menu renyah bakar yang terbaru enak banget suka sama saosnya tempat makannya juga nyaman,neutral
tukang parkirnya enggak bertanggungjawab sama sekali bayar parkir rbkeyboard key name dan mereka enggak ada kembalian rbkeyboard key name terus disuruh ambil kembalian pas pulangnya giliran sudah pulang terus mau ambil kembalian ternyata sudah beda orang dan dia bilang kalo dia baru datang jadi enggak ada uang buat mengasih kembalian saya malah disuruh balik kesana besoknya untuk ambil kembalian oke saya percaya kalo enggak ada uang alhasil saya berniat tungguin sampai ada pelanggan datang dan bayar parkir minta kemudian saya lihat ada pelanggan baru datang bayar parkir dan tukang parkirnya mengeluarkan uang rbkeyboard key name an banyak buat mengasih kembalian ke pelanggan tersebut padahal bilangnya enggak ada uang setelah lihat itu saya tagih lagi dong kembalian rbkeyboard key name saya eh kok tukang parkirnya malah bilang masih onok pun enggak kiro tak kayak i samean mas soale maeng guduk aku sg jogo kalo ada pun mas nya enggak akan tak kasih kembalian soalnya tadi bukan bagian saya saya yang bayar kok malah saya yang disuruh mencari mencari kembalian tolong dievaluasi tukang parkirnya ciri pendek bertopi pakai hoodie saya sebagai konsumen merasa dirugikan walaupun cuma rbkeyboard key name kejadian ini saya alami di hari selasa tanggal september jam,neutral
sudah cukup enak,neutral
tempat nyaman buat nugas harga semua menu sangat terjangkau pelayanannya sangat baik,positive
mohon maaf tapi memang pelayanan minus banget beda banget sama geprek kak mawar sukun malang semalem kita tanya mbak gelas buat es teanya mana kasirnya jawab harus bayar setengah dulu baru di kasih gelasnya terus kita menunggu lama nih belum saja di kasih terus tak tanya lagi mana mbak gelasnya katanya suruh bayar lagi lah tadi setengah bayar apa katanya nasi putih padal kita enggak ada bilang meminta nasi putih begitu enggak ada maaf maafnya nol banget kasire pokoke enggak jelas kita tuh bayar mengerti enggak di geprek kak mawar sukun enggak ada sih nyembunyiin gelas buat bebas refil th kok di sini suruh bayar juga ya kebangetan sih dari dulu ke geprek kak mawar baru kali harus bayar dulu baru bisa bebas refil nasi es teh,negative
pelayanannya ramah cepat tempatnya bersih cocok buat ngopag,neutral
pelayanannya cepat dan melayanyinya dengan ramah,neutral
sebenarnya mampir kesini karena enggak sengaja balik dari pulau merah perut terasa lapar saat dekat dek djawatan melihat resto sego tempong yang ramai akhirnya mampir dan mencoba menu lauknya sangat banyak tinggal pilih dan bilang ke pelayannya untuk restonya sangat luas saat pertama mencoba nasi tempongnya memiliki cita rasa khas berbeda di banding dengan nasi tempong di banyuwangi kota saya pilih nasi tempong lauk ayam lodho restonya sudah banyak dikunjungi oleh artis artis oiya untuk harganya memang sedikit lebih mahal namun rasanya boleh di adu karena punya kekhasan tersendiri sego tempong mbak har rasa tempat harga,negative
tempatnya bagus nyaman dan bersih sekali suasananya sejuk sehingga ada gemari anak muda harganya tidak menguras kantong alias murah banget,positive
tempatnya luas makanan enak pelayanannya cepat atas markotop josjis,neutral
pertama kesini makan ambil jauh kopi ada krim dan kue pancong adalah menu terbaik menurut saya entar kalo deh makan disini ulasan lagi semua over tempat e uwapik rek,negative
bagi pecinta kopi dan suasana nyaman terbaru dari caffe ini benar benar menghadirkan pengalaman yang lebih baik dibandingkan cabang lainnya begitu masuk suasana hangat dan modern langsung terasa dengan interior yang lebih luas dan desain yang nyaman cocok untuk nongkrong santai atau mengerjakan tugas salah satu keunggulan utama dari cabang baru ini adalah parkirannya yang luas jadi tidak perlu khawatir kehabisan tempat terutama bagi yang datang dengan kendaraan pribadi ditambah lagi wifi di sini super kencang menjadikannya pilihan ideal bagi pelajar yang membutuhkan tempat untuk belajar atau mengerjakan proyek bersama soal menu makanannya tetap berkualitas dengan harga yang ramah di kantong mahasiswa berbagai pilihan kopi dan camilan lezat bisa dinikmati tanpa harus menguras dompet,positive
cocok banget buat anak kos ini,neutral
ayam nya sekarang mulai kecil semua dan kurang terasa bumbunya berbeda seperti dulu sambal mulai hambar tidak ada rasanya suansa tempatnya sangat kotor dan banyak sisa makan banyak yang bertebangan sangat kecewa sekali karena dengan ayam seperti itu yang awalnya enak saja tiba tiba dengan porsi kecil ya kurang terasa jadinya meminta tolong ya untuk dibenahi kembali dikoreksi total karena kita ini sebagai pelanggan yang datang untuk mengisi perut sebagai mahasiswa yang ingin menghemat uang dengan cara porsi yang enak dan porsi yang lumayan sangat mengecewakan,negative
semaki lama gocoan membuat mengaco masa makan minuman sekarang suruh bawa sendiri anda kira pelanggan sumua bekas kerja resto yang gampang bawanya apalagi yang lantai kalau ada tumpahnya anda apa mau ganti ngawurr kita sudah bayar pajak makanan per porsi masak mengantar makann perusahaan enggak kuat bayar karyawan ingat jangan mentang gacoan rame bisa semena wizmie dibelakangmu bisa menggantikan mu,negative
pelayanan nya bagus banget cepat dan ramah minuman dan pancong nya mantap rekomend banget karena tempatnya nyaman,neutral
pertama kali makan sudah langsung cocok,neutral
nyaman buat nugas bersihh pelayanannya cepatt,neutral
pelayanan ramah cepat nyaman sekali,neutral
langganan mahasiswa cocok di kantong dan enak,positive
enak mie nya pas enggak terlalu lembek dulu kesini awal mie lembek banget sekarang sudah enggak terbaik llopp,neutral
salah satu nasi tempong legendaris dan rekomen di banyuwangi letaknya memang tidak di jantung kota banyuwangi namun pedas gurih dan legit sambel tempong di mbak har ini bikin nagih dan ngangenin,neutral
rame banget makanan sama minumannya standar tapi harganya murah banget lumayan bersih cocok buat rame rame buat yang suka enggak rame enggak cocok disini parkir luas juga lumayan kebanyakan anak anak sampai sama,positive
rasa enak sayang harga naik,negative
tempatnya nyaman dan pelayanan sangat memuaskan,neutral
pentolnya enak kuahnya juga spesial bakso kejunya apalagi pelayanan ramah bakso bakarnya juga enak oya es kopi susunya beli satu gratis thai teh orang greentea disarankan deh,positive
geprek mawar enak harga murah dan terjangkau ayo makan di geprek kakak mawar,positive
suka sih makan kesini makanannya enak murah sama pelayanannya cepat,positive
sistem yang baru dsuruh ambil nomor meja sendiri rawan tertukar lebih baik seperti dulu diambilkan,neutral
harga terjangkau suasananya juga bagus karyawan juga ramah jika bisa perbanyak kursi bayinya karena agak susah kalau bawa bayi sambil makan sekian terima kasih,positive
dari awal tidak ada pemberitahuan kalau kartu parkir hilang harus bayar datang langsung diberi kartu dipasang di spion sudah bilang kartu hilang tidak tahu posisinya karena kondisi ramai malah disuruh mencari lalu baru diberi tahu harus bayar terasa seperti pungli kecuali ada karcis dan pemberitahuan jelas masih bisa diterima akhirnya bayar terasa berat bagi mahasiswa mohon maaf,negative
makanan dan minumannya murah banget wifi nya oke lah buat nugas ramah banget buat kantong mahasiswa suasananya oke meskipun ujan enggak berisik buat makanannya aku pesan ayam geprek konslet itu sambelnya agak kecut memang rasanya begitu aku enggak begitu suka kecut jadi kurengg sih buat aku buat minumannya yang hijau teh oke saja,positive
masih sebel kalo pesan shopee makanan disini sudah jelas ada yang kurang masih ngeyel lewat telfon pegawainya pegawainya kurang literasi dan ngeyelan jelas bayarnya kalo nasi bakso telur sama cireng cirengnya dikasih ngeyel kalo harus bertambah byar lagi padahal nasi telur bakso tanpa cireng harga an saja sini deh bayar ngeyel kurang pelatihan pegawainya pecat saja sams minuman kurang enggak bakalan pesan sini lagi,negative
harga naik tapi kualitas menurun enakan dulu,negative
kopi studio sulfat punya dua lantai yang semuanya sangat cocok dipakai nugas lantai pertama ada sofa empuk dan di lantai ke dua ada ac yang bikin nyaman juga mushola dan kamar mandinya juga bersih makanan dan minuman juga murah dan ramah banget buat kantong pelajar apalagi dengan promo beli bebas,positive
pelayanannya ramah tempatnya nyuamann harga juga bernilai itu cocok untuk anak kampus kopi studio topp,positive
pelayanannyaa love banget,neutral
kasir enggak ramah enggak sabaran di tanya keju mana mozaa mana jawab ketus,neutral
suka banget sama tempat ini pelayanannya kilat kakaknya pada ramah semua vibesnya enak terus yang paling penting harga murah meriah pas banget buat anak kuliahan yang lagi cari tempat nongkrong murah dan nyaman ini sih definisi bestie kantong mahasiswa banget,positive
sambal bawang nya mantap banget kasirnya ramah harga yang murah,positive
makanannya berlebihan cenderung biasa kebersihan jelek banyak lalat ijo menempel dimakanan mau pindah tapi sudah terlanjur kesitu harga cenderung overprice sendoknya juga kurang bersih mau ke toilet juga bayar ulasan jujur,negative
tempat bersih dan murah,positive
ayam geprek yang nasinya ambil sendiri es th ambil sendiri bumbu butir ambil sendiri enak banget apalagi lagi ingin hemat tapi porsi banyak es tehnya juga bukan es th yang ngawur asal buat tapi pakai rasa blackcurrant begitu enakk ayamnya sok pasti terbaik juicy nasinya kualitasnya juga bagus wajib tambahkan bumbu itemnya meskipun enggak terlalu butir tapi dia bikin nasinya membuat berbumbu enakk begitu servicenya ya gitusih sempat masnya lupa orderan tapi gapapa,positive
tempatnya nyaman buat nugas apalagi harganya yang murah banget untuk mahasiswa yang hobinya nugas jam,positive
dikit banget sumpah esbatu minumnya enggak sesuai banget sama gelasnya cuman formalitas doang ukurannya,neutral
harga yang tertera dan di nota beda dan karyawan ketika proses penagihan enggak konfirmasi kalo harga di papan sudah naik alhasil tau aku bayarnya lebih mahal ketika di tegur enggak bisa jawab pesennya kopi yang dikasih thaitea hmm,negative
terjangkau tempatnya nyaman buat nugas pelayanannya juga ramah puoll,positive
kemarin beli dimsum yang dtng tidak sesuai pesanan oke saya maafkan hari ini pesan mie gacoan lv paper size yang satu cp rasanya hambarr cuma manis saja dan satu nya lv paper size serasa lv paper size tolong di perbaiki,neutral
sego tempong andalan wilayah banyuwangi selatan,neutral
tempat nya enak banyak menu nya banyak spotnya,neutral
ayamnya lebih gede dan sambelnya lebih banyak daripada cabang geprek kak ros lainnya,neutral
pelayanan nya ramah banget tempat nya rame juga tapi masih banyak spasi duduk nya bernilai itu parah sih buat nongkrong sama nugas,negative
bisa dicek di cctv ya sebagai pelanggan dari luar kota mau ngopi mencari dari gmaps kesini karena ulasan nya bagus malah kecewa baru datang makesure ke awak outlet boleh enggak parkir mobil disitu sama pegawai yang cowok dijawab tidak tahu padahal itu di lingkungan dia kerja apatis banget setelah itu mesen kopi dan makanan ringan karena menu nasi belum siap dilayanin sama awak outlet cewek tertulis di nita jam waktu kami menunggu awak outlet sibuk dandan berangkat kerja dalam kondisi belum siap setelah itu masih ditinggal ngonten dulu bikin tiktok baru bikin pesenan aku hellow melayani pelanggan tidak yang penting dandan dan tiktokan dulu pesanan baru dibikinkan menit kemudian dan baru siap menit kemudian walaupun demikian untuk kopi dan makanannya sesuai dengan harga tidak komplain sayang banget pelayanannya terkesan enggak peduli sama pelanggan,negative
ayamnya kecil banget harga k ini ayam paket sama minum kecil banget tolong,negative
makanan enak dan murah dekat penginapan,positive
rekomend buat nongkrong atau nugas,neutral
muahaall beli nasi tempong lauk ayam ras bukan ayam kampung rbkeyboard key name belum termasuk minum padahal nasi tempong terkenal lain yang menurutku lebih enak harga enggak segini contoh untuk lauk yang sama tempong mbok wah bwi kota rbkeyboard key name tempong mbok nah bwi kota rbkeyboard key name tempong mbak tya rogojampi rbkeyboard key name tempong sirot genteng rbkeyboard key name benar over harga semoga komentar saya bisa membantu teman yang mau makan disini terutama yang bawa dana enggak terlalu banyak biar enggak banyak yang kena getok harga,negative
suka baksonya berdaging sambelnya pedas mantap pelayanannya juga dan tidak gratis parkir,neutral
semua menu lalapan ada disini sambel pedasnya khas segar dijamin puas,neutral
pelayanan ramah dan sabar tempatnya nyaman harga murah dan terjangkau banyak promo sangat mantap,positive
pelayanan nya ramah cepat makanan enak tempat makan nya juga bersih,neutral
pelayanannya sangat cepat porsii pas harga terjangkau intinya cocok buat wisatawan yang laper,positive
pesan nasi ayam geprek malah dikasih mie ayam geprek sudah begitu antri duluan tapi yang dilayanin yang belakang duluan aneh menunggu sampai setengah jam lebih dan benar benar ngecewain pesenan enggak sesuai,neutral
malam ini jam an lagi laper dan ingin psen membuat dari sini saya langganann karena biasany sambel dipisah tanpa harus mencantumkan catatan di pesanan nya tapi ini malah dicampur di dalam mozza nya oon banget yang shift tgh malam ini aduh jadi enggak bisa dimakan ini buang duit howek,negative
tempat makan nasi tempong yang menurut saya enak dan sesuai dengan kantong tapi kalau dari saya sendiri yang saya suka telur dadarnya dengan rasa nya yang enak atau mau pilihan lauk lain ada ayam yang lumayan besar potongan nya atau lauk lain seperti ikan udang sotong dan lain sebagainya,positive
maaf tapi mau ulasan jujur sebenarnya makananya enakk cuma pegawainya anehh uang kembalian rp mau dituker kerupuk semua dulu masih harga rp kalau sama pegawainya bisa ditarik harga rp ribu sangat disayangkan saja kalau banyak pegawai yang tidak jujur maaf sekali,negative
cocok banget buat nugas tempatnyaa murah dan enak lagi,positive
geprek krispinya oke harganya rp ada menu yang harganya juga tapi belum pernah coba karena sering habis tempatnya cukup luas ada lantai tapi yang di bawah agak sempit apalagi kalau antri kalau mau lebih nyaman bisa makan di atas ada lesehan juga ada toilet ada wastafel di setiap lantai,neutral
harga sangat terjangkau ada oleh mendapatkan wifi nya kencang mantap betul pancongnya juga enakk enggak bikin enek atas markotopp,positive
pedas coyy memang khas banyuwangi sih tapi,neutral
suka banget makanan disini apalagi es th nya bebas reffil hihi harganya juga murah cocok buat anak kos,positive
